"<a href=""https://www.foodpantries.org/st/alaska"" title=""Alaska Food Pantries"">Alaska</a> <em>(121)</em>"|"<a href=""https://www.foodpantries.org/st/alabama"" title=""Alabama Food Pantries"">Alabama</a> <em>(379)</em>"|"<a href=""https://www.foodpantries.org/st/arkansas"" title=""Arkansas Food Pantries"">Arkansas</a> <em>(541)</em>"|"<a href=""https://www.foodpantries.org/st/arizona"" title=""Arizona Food Pantries"">Arizona</a> <em>(286)</em>"
"<a href=""https://www.foodpantries.org/st/california"" title=""California Food Pantries"">California</a> <em>(629)</em>"|"<a href=""https://www.foodpantries.org/st/colorado"" title=""Colorado Food Pantries"">Colorado</a> <em>(216)</em>"|"<a href=""https://www.foodpantries.org/st/connecticut"" title=""Connecticut Food Pantries"">Connecticut</a> <em>(410)</em>"|"<a href=""https://www.foodpantries.org/st/district_of_columbia"" title=""District of Columbia Food Pantries"">District of Columbia</a> <em>(32)</em>"
"<a href=""https://www.foodpantries.org/st/delaware"" title=""Delaware Food Pantries"">Delaware</a> <em>(70)</em>"|"<a href=""https://www.foodpantries.org/st/florida"" title=""Florida Food Pantries"">Florida</a> <em>(844)</em>"|"<a href=""https://www.foodpantries.org/st/georgia"" title=""Georgia Food Pantries"">Georgia</a> <em>(365)</em>"|"<a href=""https://www.foodpantries.org/st/hawaii"" title=""Hawaii Food Pantries"">Hawaii</a> <em>(100)</em>"
"<a href=""https://www.foodpantries.org/st/iowa"" title=""Iowa Food Pantries"">Iowa</a> <em>(202)</em>"|"<a href=""https://www.foodpantries.org/st/idaho"" title=""Idaho Food Pantries"">Idaho</a> <em>(128)</em>"|"<a href=""https://www.foodpantries.org/st/illinois"" title=""Illinois Food Pantries"">Illinois</a> <em>(501)</em>"|"<a href=""https://www.foodpantries.org/st/indiana"" title=""Indiana Food Pantries"">Indiana</a> <em>(569)</em>"
"<a href=""https://www.foodpantries.org/st/kansas"" title=""Kansas Food Pantries"">Kansas</a> <em>(97)</em>"|"<a href=""https://www.foodpantries.org/st/kentucky"" title=""Kentucky Food Pantries"">Kentucky</a> <em>(136)</em>"|"<a href=""https://www.foodpantries.org/st/louisiana"" title=""Louisiana Food Pantries"">Louisiana</a> <em>(190)</em>"|"<a href=""https://www.foodpantries.org/st/massachusetts"" title=""Massachusetts Food Pantries"">Massachusetts</a> <em>(451)</em>"
"<a href=""https://www.foodpantries.org/st/maryland"" title=""Maryland Food Pantries"">Maryland</a> <em>(138)</em>"|"<a href=""https://www.foodpantries.org/st/maine"" title=""Maine Food Pantries"">Maine</a> <em>(302)</em>"|"<a href=""https://www.foodpantries.org/st/michigan"" title=""Michigan Food Pantries"">Michigan</a> <em>(795)</em>"|"<a href=""https://www.foodpantries.org/st/minnesota"" title=""Minnesota Food Pantries"">Minnesota</a> <em>(524)</em>"
"<a href=""https://www.foodpantries.org/st/missouri"" title=""Missouri Food Pantries"">Missouri</a> <em>(362)</em>"|"<a href=""https://www.foodpantries.org/st/mississippi"" title=""Mississippi Food Pantries"">Mississippi</a> <em>(161)</em>"|"<a href=""https://www.foodpantries.org/st/montana"" title=""Montana Food Pantries"">Montana</a> <em>(127)</em>"|"<a href=""https://www.foodpantries.org/st/north_carolina"" title=""North Carolina Food Pantries"">North Carolina</a> <em>(436)</em>"
"<a href=""https://www.foodpantries.org/st/north_dakota"" title=""North Dakota Food Pantries"">North Dakota</a> <em>(130)</em>"|"<a href=""https://www.foodpantries.org/st/nebraska"" title=""Nebraska Food Pantries"">Nebraska</a> <em>(87)</em>"|"<a href=""https://www.foodpantries.org/st/new_hampshire"" title=""New Hampshire Food Pantries"">New Hampshire</a> <em>(228)</em>"|"<a href=""https://www.foodpantries.org/st/new_jersey"" title=""New Jersey Food Pantries"">New Jersey</a> <em>(430)</em>"
"<a href=""https://www.foodpantries.org/st/new_mexico"" title=""New Mexico Food Pantries"">New Mexico</a> <em>(342)</em>"|"<a href=""https://www.foodpantries.org/st/nevada"" title=""Nevada Food Pantries"">Nevada</a> <em>(43)</em>"|"<a href=""https://www.foodpantries.org/st/new_york"" title=""New York Food Pantries"">New York</a> <em>(1053)</em>"|"<a href=""https://www.foodpantries.org/st/ohio"" title=""Ohio Food Pantries"">Ohio</a> <em>(604)</em>"
"<a href=""https://www.foodpantries.org/st/oklahoma"" title=""Oklahoma Food Pantries"">Oklahoma</a> <em>(347)</em>"|"<a href=""https://www.foodpantries.org/st/oregon"" title=""Oregon Food Pantries"">Oregon</a> <em>(299)</em>"|"<a href=""https://www.foodpantries.org/st/pennsylvania"" title=""Pennsylvania Food Pantries"">Pennsylvania</a> <em>(271)</em>"|"<a href=""https://www.foodpantries.org/st/rhode_island"" title=""Rhode Island Food Pantries"">Rhode Island</a> <em>(128)</em>"
"<a href=""https://www.foodpantries.org/st/south_carolina"" title=""South Carolina Food Pantries"">South Carolina</a> <em>(168)</em>"|"<a href=""https://www.foodpantries.org/st/south_dakota"" title=""South Dakota Food Pantries"">South Dakota</a> <em>(71)</em>"|"<a href=""https://www.foodpantries.org/st/tennessee"" title=""Tennessee Food Pantries"">Tennessee</a> <em>(174)</em>"|"<a href=""https://www.foodpantries.org/st/texas"" title=""Texas Food Pantries"">Texas</a> <em>(676)</em>"
"<a href=""https://www.foodpantries.org/st/utah"" title=""Utah Food Pantries"">Utah</a> <em>(133)</em>"|"<a href=""https://www.foodpantries.org/st/virginia"" title=""Virginia Food Pantries"">Virginia</a> <em>(259)</em>"|"<a href=""https://www.foodpantries.org/st/vermont"" title=""Vermont Food Pantries"">Vermont</a> <em>(150)</em>"|"<a href=""https://www.foodpantries.org/st/washington"" title=""Washington Food Pantries"">Washington</a> <em>(222)</em>"
"<a href=""https://www.foodpantries.org/st/wisconsin"" title=""Wisconsin Food Pantries"">Wisconsin</a> <em>(269)</em>"|"<a href=""https://www.foodpantries.org/st/west_virginia"" title=""West Virginia Food Pantries"">West Virginia</a> <em>(123)</em>"|"<a href=""https://www.foodpantries.org/st/wyoming"" title=""Wyoming Food Pantries"">Wyoming</a> <em>(35)</em>"|
